date,ticker,action,price,shares,confidence
2026-04-09T07:07:23.158890,NVDA,SELL,182.08,8.238137082601053,0
2026-04-09T07:07:23.542003,LLY,SELL,953.3,1.573481590265394,0
2026-04-09T07:07:23.973960,TSLA,SELL,343.25,2.9133284777858703,0
2026-04-09T07:07:24.528638,META,SELL,612.42,1.632866333561935,0
2026-04-09T07:07:24.920891,META,BUY,612.42,1.1560693641618498,50
2026-04-09T07:07:25.524222,LLY,BUY,953.3,0.7443616909682156,50
2026-04-09T07:07:25.919287,V,BUY,308.96,2.2501294665976177,49
2026-04-09T07:07:26.322243,AMZN,BUY,221.25,3.0119774011299434,47
2026-04-09T07:07:26.719740,UNH,BUY,305.98,2.177920125498398,47
2026-04-09T07:07:27.135278,XOM,BUY,156.22,4.265779029573678,47
2026-04-09T07:07:27.541945,AAPL,BUY,258.9,2.5214368482039404,46
2026-04-09T07:07:27.929151,GOOGL,BUY,317.32,2.0572292953485443,46
2026-04-09T07:07:28.309726,TSLA,BUY,343.25,1.9018208302986164,46
2026-04-09T07:07:28.705540,JPM,BUY,307.97,2.119686982498296,46
2026-04-09T07:07:29.086117,MSFT,BUY,374.33,1.7054470654235572,45
2026-04-09T07:07:29.549084,NVDA,BUY,182.08,3.506151142355009,45
2026-04-09T07:10:50.805916,LLY,BUY,953.3,0.9482849050666108,51
2026-04-09T07:10:51.233839,META,BUY,612.42,1.4450867052023122,50
2026-04-09T07:10:51.653069,V,BUY,308.96,2.806188503366132,49
2026-04-09T07:10:52.087065,AMZN,BUY,221.25,3.76045197740113,47
2026-04-09T07:10:52.528930,UNH,BUY,305.98,2.7191319694097653,47
2026-04-09T07:10:53.022117,XOM,BUY,156.22,5.325822557931123,47
2026-04-09T07:10:53.445680,AAPL,BUY,258.9,3.144071069911163,46
2026-04-09T07:10:53.843157,GOOGL,BUY,317.32,2.5652338333543425,46
2026-04-09T07:10:54.335209,TSLA,BUY,343.25,2.3714493809176984,46
2026-04-09T07:10:54.733653,JPM,BUY,307.97,2.643114589083352,46
2026-04-09T07:10:55.153910,MSFT,BUY,374.33,2.1264659525018037,45
2026-04-09T07:10:55.539064,NVDA,BUY,182.08,4.3717047451669595,45
